{
    "name": "root",
    "metadata": {
        "timer_format_version": "0.1.0",
        "start_time_seconds": "1673893399",
        "python_version": "3.8.0 (tags/v3.8.0:fa919fd, Oct 14 2019, 19:37:50) [MSC v.1916 64 bit (AMD64)]",
        "command_line_arguments": "C:\\Users\\Pascal\\Documents\\Chess\\Chess\\venv\\Scripts\\mlagents-learn --run-id=Test1",
        "mlagents_version": "0.29.0",
        "mlagents_envs_version": "0.29.0",
        "communication_protocol_version": "1.5.0",
        "pytorch_version": "1.7.0+cu110",
        "numpy_version": "1.21.2",
        "end_time_seconds": "1673893516"
    },
    "total": 116.96015919999999,
    "count": 1,
    "self": 0.004499800000004939,
    "children": {
        "run_training.setup": {
            "total": 0.06512069999999959,
            "count": 1,
            "self": 0.06512069999999959
        },
        "TrainerController.start_learning": {
            "total": 116.8905387,
            "count": 1,
            "self": 0.00013500000000021828,
            "children": {
                "TrainerController._reset_env": {
                    "total": 29.6530536,
                    "count": 1,
                    "self": 29.6530536
                },
                "TrainerController.advance": {
                    "total": 86.34983989999999,
                    "count": 1,
                    "self": 1.4100000001349144e-05,
                    "children": {
                        "env_step": {
                            "total": 86.34982579999999,
                            "count": 1,
                            "self": 86.34981959999999,
                            "children": {
                                "SubprocessEnvManager._take_step": {
                                    "total": 6.2000000013995304e-06,
                                    "count": 1,
                                    "self": 6.2000000013995304e-06
                                }
                            }
                        }
                    }
                },
                "TrainerController._save_models": {
                    "total": 0.8875101999999941,
                    "count": 1,
                    "self": 0.0015873999999911348,
                    "children": {
                        "RLTrainer._checkpoint": {
                            "total": 0.885922800000003,
                            "count": 1,
                            "self": 0.885922800000003
                        }
                    }
                }
            }
        }
    }
}