{
    "name": "root",
    "metadata": {
        "timer_format_version": "0.1.0",
        "start_time_seconds": "1673894869",
        "python_version": "3.8.0 (tags/v3.8.0:fa919fd, Oct 14 2019, 19:37:50) [MSC v.1916 64 bit (AMD64)]",
        "command_line_arguments": "C:\\Users\\Pascal\\Documents\\Chess\\Chess\\venv\\Scripts\\mlagents-learn --run-id=Test6",
        "mlagents_version": "0.29.0",
        "mlagents_envs_version": "0.29.0",
        "communication_protocol_version": "1.5.0",
        "pytorch_version": "1.7.0+cu110",
        "numpy_version": "1.21.2",
        "end_time_seconds": "1673894945"
    },
    "total": 75.2876181,
    "count": 1,
    "self": 0.005018800000001988,
    "children": {
        "run_training.setup": {
            "total": 0.04052990000000001,
            "count": 1,
            "self": 0.04052990000000001
        },
        "TrainerController.start_learning": {
            "total": 75.2420694,
            "count": 1,
            "self": 9.90999999999076e-05,
            "children": {
                "TrainerController._reset_env": {
                    "total": 6.6981097,
                    "count": 1,
                    "self": 6.6981097
                },
                "TrainerController.advance": {
                    "total": 68.2278097,
                    "count": 1,
                    "self": 1.559999999756201e-05,
                    "children": {
                        "env_step": {
                            "total": 68.2277941,
                            "count": 1,
                            "self": 68.2277749,
                            "children": {
                                "SubprocessEnvManager._take_step": {
                                    "total": 1.919999999966393e-05,
                                    "count": 1,
                                    "self": 1.919999999966393e-05
                                }
                            }
                        }
                    }
                },
                "TrainerController._save_models": {
                    "total": 0.3160509000000076,
                    "count": 1,
                    "self": 0.0016977000000082398,
                    "children": {
                        "RLTrainer._checkpoint": {
                            "total": 0.31435319999999933,
                            "count": 1,
                            "self": 0.31435319999999933
                        }
                    }
                }
            }
        }
    }
}